edited_at,template_id,view,status
2026-08-19 15:14:09,6,template,302
2026-08-19 15:14:19,6,template,302
2026-08-19 15:15:07,6,template,302
2026-08-19 15:15:54,6,template,302
2026-08-20 10:08:16,6,template,302
2026-08-20 10:42:49,6,template,302
2026-08-21 11:52:22,6,template,302
2026-08-21 11:53:28,6,template,302
2026-08-21 15:07:24,6,template,302
2026-08-21 15:13:44,6,template,302
2026-08-24 11:18:19,6,template,302
2026-08-28 12:09:20,6,template,302
2026-08-28 12:10:08,7,template,302
2026-08-28 12:10:53,8,template,302
